JS,SWF,HTML,TILES,XML,JPG,lat,lng
2015-04-12_11_49_25.js,2015-04-12_11_49_25.swf,2015-04-12_11_49_25.html,2015-04-12_11_49_25.tiles,2015-04-12_11_49_25.xml,2015-04-12 11.49.25.jpg,12.96588,77.637659
2015-04-12_11_53_21.js,2015-04-12_11_53_21.swf,2015-04-12_11_53_21.html,2015-04-12_11_53_21.tiles,2015-04-12_11_53_21.xml,2015-04-12 11.53.21.jpg,12.964834,77.637455
2015-04-12_11_55_22.js,2015-04-12_11_55_22.swf,2015-04-12_11_55_22.html,2015-04-12_11_55_22.tiles,2015-04-12_11_55_22.xml,2015-04-12 11.55.22.jpg,12.964803,77.635867
2015-04-12_11_58_40.js,2015-04-12_11_58_40.swf,2015-04-12_11_58_40.html,2015-04-12_11_58_40.tiles,2015-04-12_11_58_40.xml,2015-04-12 11.58.40.jpg,12.966131,77.636865
2015-04-12_11_59_28.js,2015-04-12_11_59_28.swf,2015-04-12_11_59_28.html,2015-04-12_11_59_28.tiles,2015-04-12_11_59_28.xml,2015-04-12 11.59.28.jpg,12.965828,77.635653
2015-04-12_12_00_56.js,2015-04-12_12_00_56.swf,2015-04-12_12_00_56.html,2015-04-12_12_00_56.tiles,2015-04-12_12_00_56.xml,2015-04-12 12.00.56.jpg,12.963381,77.635089
2015-04-12_12_04_38.js,2015-04-12_12_04_38.swf,2015-04-12_12_04_38.html,2015-04-12_12_04_38.tiles,2015-04-12_12_04_38.xml,2015-04-12 12.04.38.jpg,12.962774,77.637915
2015-04-12_12_12_13.js,2015-04-12_12_12_13.swf,2015-04-12_12_12_13.html,2015-04-12_12_12_13.tiles,2015-04-12_12_12_13.xml,2015-04-12 12.12.13.jpg,12.962021,77.637282
2015-04-12_12_31_13.js,2015-04-12_12_31_13.swf,2015-04-12_12_31_13.html,2015-04-12_12_31_13.tiles,2015-04-12_12_31_13.xml,2015-04-12 12.31.13.jpg,12.960102,77.641379
2015-04-12_12_32_07.js,2015-04-12_12_32_07.swf,2015-04-12_12_32_07.html,2015-04-12_12_32_07.tiles,2015-04-12_12_32_07.xml,2015-04-12 12.32.07.jpg,12.960583,77.641637
2015-04-16_15_38_21.js,2015-04-16_15_38_21.swf,2015-04-16_15_38_21.html,2015-04-16_15_38_21.tiles,2015-04-16_15_38_21.xml,2015-04-16 15.38.21.jpg,12.960444,77.642544
2015-04-16_15_38_49.js,2015-04-16_15_38_49.swf,2015-04-16_15_38_49.html,2015-04-16_15_38_49.tiles,2015-04-16_15_38_49.xml,2015-04-16 15.38.49.jpg,12.960547,77.641561
2015-04-16_15_39_17.js,2015-04-16_15_39_17.swf,2015-04-16_15_39_17.html,2015-04-16_15_39_17.tiles,2015-04-16_15_39_17.xml,2015-04-16 15.39.17.jpg,12.96005,77.641983
2015-04-16_15_40_44.js,2015-04-16_15_40_44.swf,2015-04-16_15_40_44.html,2015-04-16_15_40_44.tiles,2015-04-16_15_40_44.xml,2015-04-16 15.40.44.jpg,12.96085,77.638753
2015-04-16_15_41_32.js,2015-04-16_15_41_32.swf,2015-04-16_15_41_32.html,2015-04-16_15_41_32.tiles,2015-04-16_15_41_32.xml,2015-04-16 15.41.32.jpg,12.960275,77.637667
2015-04-16_15_42_53.js,2015-04-16_15_42_53.swf,2015-04-16_15_42_53.html,2015-04-16_15_42_53.tiles,2015-04-16_15_42_53.xml,2015-04-16 15.42.53.jpg,12.960936,77.635844
2015-04-16_15_43_52.js,2015-04-16_15_43_52.swf,2015-04-16_15_43_52.html,2015-04-16_15_43_52.tiles,2015-04-16_15_43_52.xml,2015-04-16 15.43.52.jpg,12.958956,77.635611
2015-04-16_15_44_53.js,2015-04-16_15_44_53.swf,2015-04-16_15_44_53.html,2015-04-16_15_44_53.tiles,2015-04-16_15_44_53.xml,2015-04-16 15.44.53.jpg,12.959983,77.636306
2015-04-16_15_45_53.js,2015-04-16_15_45_53.swf,2015-04-16_15_45_53.html,2015-04-16_15_45_53.tiles,2015-04-16_15_45_53.xml,2015-04-16 15.45.53.jpg,12.960178,77.638508
2015-04-16_15_46_56.js,2015-04-16_15_46_56.swf,2015-04-16_15_46_56.html,2015-04-16_15_46_56.tiles,2015-04-16_15_46_56.xml,2015-04-16 15.46.56.jpg,12.959961,77.640758
2015-04-16_15_47_38.js,2015-04-16_15_47_38.swf,2015-04-16_15_47_38.html,2015-04-16_15_47_38.tiles,2015-04-16_15_47_38.xml,2015-04-16 15.47.38.jpg,12.958525,77.640575
2015-04-16_15_48_14.js,2015-04-16_15_48_14.swf,2015-04-16_15_48_14.html,2015-04-16_15_48_14.tiles,2015-04-16_15_48_14.xml,2015-04-16 15.48.14.jpg,12.958347,77.640875
2015-04-16_15_48_52.js,2015-04-16_15_48_52.swf,2015-04-16_15_48_52.html,2015-04-16_15_48_52.tiles,2015-04-16_15_48_52.xml,2015-04-16 15.48.52.jpg,12.958242,77.639808
2015-04-16_15_49_33.js,2015-04-16_15_49_33.swf,2015-04-16_15_49_33.html,2015-04-16_15_49_33.tiles,2015-04-16_15_49_33.xml,2015-04-16 15.49.33.jpg,12.958319,77.639319
2015-04-16_15_50_06.js,2015-04-16_15_50_06.swf,2015-04-16_15_50_06.html,2015-04-16_15_50_06.tiles,2015-04-16_15_50_06.xml,2015-04-16 15.50.06.jpg,12.958367,77.639147
2015-04-16_15_50_57.js,2015-04-16_15_50_57.swf,2015-04-16_15_50_57.html,2015-04-16_15_50_57.tiles,2015-04-16_15_50_57.xml,2015-04-16 15.50.57.jpg,12.957753,77.638214
2015-04-16_15_51_26.js,2015-04-16_15_51_26.swf,2015-04-16_15_51_26.html,2015-04-16_15_51_26.tiles,2015-04-16_15_51_26.xml,2015-04-16 15.51.26.jpg,12.957556,77.638758
2015-04-16_15_52_16.js,2015-04-16_15_52_16.swf,2015-04-16_15_52_16.html,2015-04-16_15_52_16.tiles,2015-04-16_15_52_16.xml,2015-04-16 15.52.16.jpg,12.957472,77.638194
2015-04-16_15_52_36.js,2015-04-16_15_52_36.swf,2015-04-16_15_52_36.html,2015-04-16_15_52_36.tiles,2015-04-16_15_52_36.xml,2015-04-16 15.52.36.jpg,12.956164,77.638231
2015-04-16_15_53_02.js,2015-04-16_15_53_02.swf,2015-04-16_15_53_02.html,2015-04-16_15_53_02.tiles,2015-04-16_15_53_02.xml,2015-04-16 15.53.02.jpg,12.956353,77.637983
2015-04-16_15_53_29.js,2015-04-16_15_53_29.swf,2015-04-16_15_53_29.html,2015-04-16_15_53_29.tiles,2015-04-16_15_53_29.xml,2015-04-16 15.53.29.jpg,12.956331,77.636822
2015-04-16_15_54_07.js,2015-04-16_15_54_07.swf,2015-04-16_15_54_07.html,2015-04-16_15_54_07.tiles,2015-04-16_15_54_07.xml,2015-04-16 15.54.07.jpg,12.956294,77.638061
2015-04-16_15_54_36.js,2015-04-16_15_54_36.swf,2015-04-16_15_54_36.html,2015-04-16_15_54_36.tiles,2015-04-16_15_54_36.xml,2015-04-16 15.54.36.jpg,12.956278,77.639439
2015-04-16_15_55_40.js,2015-04-16_15_55_40.swf,2015-04-16_15_55_40.html,2015-04-16_15_55_40.tiles,2015-04-16_15_55_40.xml,2015-04-16 15.55.40.jpg,12.957369,77.638044
2015-04-16_15_56_30.js,2015-04-16_15_56_30.swf,2015-04-16_15_56_30.html,2015-04-16_15_56_30.tiles,2015-04-16_15_56_30.xml,2015-04-16 15.56.30.jpg,12.956942,77.637608
2015-04-16_15_57_35.js,2015-04-16_15_57_35.swf,2015-04-16_15_57_35.html,2015-04-16_15_57_35.tiles,2015-04-16_15_57_35.xml,2015-04-16 15.57.35.jpg,12.957803,77.6372
2015-04-16_15_59_04.js,2015-04-16_15_59_04.swf,2015-04-16_15_59_04.html,2015-04-16_15_59_04.tiles,2015-04-16_15_59_04.xml,2015-04-16 15.59.04.jpg,12.957183,77.637014
2015-04-16_16_00_06.js,2015-04-16_16_00_06.swf,2015-04-16_16_00_06.html,2015-04-16_16_00_06.tiles,2015-04-16_16_00_06.xml,2015-04-16 16.00.06.jpg,12.957892,77.637214
2015-04-16_16_00_44.js,2015-04-16_16_00_44.swf,2015-04-16_16_00_44.html,2015-04-16_16_00_44.tiles,2015-04-16_16_00_44.xml,2015-04-16 16.00.44.jpg,12.958992,77.638367
2015-04-16_16_03_16.js,2015-04-16_16_03_16.swf,2015-04-16_16_03_16.html,2015-04-16_16_03_16.tiles,2015-04-16_16_03_16.xml,2015-04-16 16.03.16.jpg,12.960053,77.638614
2015-04-16_16_03_53.js,2015-04-16_16_03_53.swf,2015-04-16_16_03_53.html,2015-04-16_16_03_53.tiles,2015-04-16_16_03_53.xml,2015-04-16 16.03.53.jpg,12.960964,77.637942
2015-04-16_16_04_16.js,2015-04-16_16_04_16.swf,2015-04-16_16_04_16.html,2015-04-16_16_04_16.tiles,2015-04-16_16_04_16.xml,2015-04-16 16.04.16.jpg,12.961103,77.637506
2015-04-16_16_04_43.js,2015-04-16_16_04_43.swf,2015-04-16_16_04_43.html,2015-04-16_16_04_43.tiles,2015-04-16_16_04_43.xml,2015-04-16 16.04.43.jpg,12.961533,77.635389
2015-04-16_16_05_03.js,2015-04-16_16_05_03.swf,2015-04-16_16_05_03.html,2015-04-16_16_05_03.tiles,2015-04-16_16_05_03.xml,2015-04-16 16.05.03.jpg,12.961528,77.635072
2015-04-16_16_05_27.js,2015-04-16_16_05_27.swf,2015-04-16_16_05_27.html,2015-04-16_16_05_27.tiles,2015-04-16_16_05_27.xml,2015-04-16 16.05.27.jpg,12.961111,77.632306
2015-04-16_16_06_03.js,2015-04-16_16_06_03.swf,2015-04-16_16_06_03.html,2015-04-16_16_06_03.tiles,2015-04-16_16_06_03.xml,2015-04-16 16.06.03.jpg,12.9615,77.631033
2015-04-16_16_06_27.js,2015-04-16_16_06_27.swf,2015-04-16_16_06_27.html,2015-04-16_16_06_27.tiles,2015-04-16_16_06_27.xml,2015-04-16 16.06.27.jpg,12.962283,77.6285
2015-04-16_16_07_11.js,2015-04-16_16_07_11.swf,2015-04-16_16_07_11.html,2015-04-16_16_07_11.tiles,2015-04-16_16_07_11.xml,2015-04-16 16.07.11.jpg,12.9625,77.627972
2015-04-16_16_07_31.js,2015-04-16_16_07_31.swf,2015-04-16_16_07_31.html,2015-04-16_16_07_31.tiles,2015-04-16_16_07_31.xml,2015-04-16 16.07.31.jpg,12.963594,77.626094
2015-04-16_16_07_57.js,2015-04-16_16_07_57.swf,2015-04-16_16_07_57.html,2015-04-16_16_07_57.tiles,2015-04-16_16_07_57.xml,2015-04-16 16.07.57.jpg,12.965769,77.625303
2015-04-16_16_08_17.js,2015-04-16_16_08_17.swf,2015-04-16_16_08_17.html,2015-04-16_16_08_17.tiles,2015-04-16_16_08_17.xml,2015-04-16 16.08.17.jpg,12.966197,77.625514
2015-04-16_16_08_52.js,2015-04-16_16_08_52.swf,2015-04-16_16_08_52.html,2015-04-16_16_08_52.tiles,2015-04-16_16_08_52.xml,2015-04-16 16.08.52.jpg,12.964792,77.627875
2015-04-16_16_09_13.js,2015-04-16_16_09_13.swf,2015-04-16_16_09_13.html,2015-04-16_16_09_13.tiles,2015-04-16_16_09_13.xml,2015-04-16 16.09.13.jpg,12.965478,77.628383
2015-04-16_16_09_33.js,2015-04-16_16_09_33.swf,2015-04-16_16_09_33.html,2015-04-16_16_09_33.tiles,2015-04-16_16_09_33.xml,2015-04-16 16.09.33.jpg,12.967006,77.628797
2015-04-16_16_09_54.js,2015-04-16_16_09_54.swf,2015-04-16_16_09_54.html,2015-04-16_16_09_54.tiles,2015-04-16_16_09_54.xml,2015-04-16 16.09.54.jpg,12.968308,77.629031
2015-04-16_16_10_13.js,2015-04-16_16_10_13.swf,2015-04-16_16_10_13.html,2015-04-16_16_10_13.tiles,2015-04-16_16_10_13.xml,2015-04-16 16.10.13.jpg,12.968928,77.629008
2015-04-16_16_10_49.js,2015-04-16_16_10_49.swf,2015-04-16_16_10_49.html,2015-04-16_16_10_49.tiles,2015-04-16_16_10_49.xml,2015-04-16 16.10.49.jpg,12.969497,77.629992
2015-04-16_16_11_11.js,2015-04-16_16_11_11.swf,2015-04-16_16_11_11.html,2015-04-16_16_11_11.tiles,2015-04-16_16_11_11.xml,2015-04-16 16.11.11.jpg,12.969608,77.630464
2015-04-16_16_13_02.js,2015-04-16_16_13_02.swf,2015-04-16_16_13_02.html,2015-04-16_16_13_02.tiles,2015-04-16_16_13_02.xml,2015-04-16 16.13.02.jpg,12.970483,77.630028
2015-04-16_16_13_40.js,2015-04-16_16_13_40.swf,2015-04-16_16_13_40.html,2015-04-16_16_13_40.tiles,2015-04-16_16_13_40.xml,2015-04-16 16.13.40.jpg,12.969831,77.630708
2015-04-16_16_15_11.js,2015-04-16_16_15_11.swf,2015-04-16_16_15_11.html,2015-04-16_16_15_11.tiles,2015-04-16_16_15_11.xml,2015-04-16 16.15.11.jpg,12.970122,77.631356
2015-04-16_16_15_56.js,2015-04-16_16_15_56.swf,2015-04-16_16_15_56.html,2015-04-16_16_15_56.tiles,2015-04-16_16_15_56.xml,2015-04-16 16.15.56.jpg,12.970233,77.632069
2015-04-16_16_17_17.js,2015-04-16_16_17_17.swf,2015-04-16_16_17_17.html,2015-04-16_16_17_17.tiles,2015-04-16_16_17_17.xml,2015-04-16 16.17.17.jpg,12.970869,77.633911
2015-04-16_16_17_56.js,2015-04-16_16_17_56.swf,2015-04-16_16_17_56.html,2015-04-16_16_17_56.tiles,2015-04-16_16_17_56.xml,2015-04-16 16.17.56.jpg,12.971317,77.635108
2015-04-16_16_19_00.js,2015-04-16_16_19_00.swf,2015-04-16_16_19_00.html,2015-04-16_16_19_00.tiles,2015-04-16_16_19_00.xml,2015-04-16 16.19.00.jpg,12.969289,77.635933
